{"stats":{"minecraft:used":{"minecraft:wooden_axe":21,"minecraft:crafting_table":1},"minecraft:killed_by":{"minecraft:pillager":1},"minecraft:picked_up":{"minecraft:stick":2,"minecraft:crafting_table":1,"minecraft:arrow":1,"minecraft:spruce_sapling":2,"minecraft:emerald":1,"minecraft:spruce_log":15},"minecraft:custom":{"minecraft:time_since_rest":2273,"minecraft:sprint_one_cm":9851,"minecraft:play_time":5408,"minecraft:damage_taken":255,"minecraft:deaths":1,"minecraft:walk_one_cm":5955,"minecraft:mob_kills":1,"minecraft:jump":57,"minecraft:damage_dealt":348,"minecraft:leave_game":3,"minecraft:time_since_death":1721,"minecraft:total_world_time":5408,"minecraft:interact_with_crafting_table":1,"minecraft:fall_one_cm":1457,"minecraft:fly_one_cm":48427},"minecraft:mined":{"minecraft:spruce_log":16,"minecraft:crafting_table":1},"minecraft:crafted":{"minecraft:crafting_table":1,"minecraft:spruce_planks":12,"minecraft:stick":4,"minecraft:wooden_axe":1},"minecraft:killed":{"minecraft:pillager":1}},"DataVersion":3465}