{"stats":{"minecraft:picked_up":{"minecraft:stick":2,"minecraft:crafting_table":1,"minecraft:arrow":1,"minecraft:spruce_sapling":2,"minecraft:emerald":1,"minecraft:spruce_log":15},"minecraft:used":{"minecraft:wooden_axe":21,"minecraft:crafting_table":1},"minecraft:crafted":{"minecraft:crafting_table":1,"minecraft:spruce_planks":12,"minecraft:stick":4,"minecraft:wooden_axe":1},"minecraft:killed":{"minecraft:pillager":1},"minecraft:custom":{"minecraft:time_since_rest":3003,"minecraft:play_time":3003,"minecraft:sprint_one_cm":8500,"minecraft:damage_taken":195,"minecraft:walk_one_cm":5356,"minecraft:mob_kills":1,"minecraft:jump":52,"minecraft:damage_dealt":348,"minecraft:leave_game":1,"minecraft:time_since_death":3003,"minecraft:total_world_time":3003,"minecraft:fall_one_cm":1457,"minecraft:interact_with_crafting_table":1,"minecraft:fly_one_cm":12985},"minecraft:mined":{"minecraft:spruce_log":16,"minecraft:crafting_table":1}},"DataVersion":3465}